PNR Number,Booking Status,Quota,Train Type,Passenger Age,Gender,Date of Booking,Date of Journey,Final Status
2723272902,2,3,1,44,1,2024-01-01,2024-02-29,1
4082075584,2,3,2,42,1,2024-01-02,2024-01-20,1
4414777448,1,2,0,20,1,2024-01-03,2024-01-07,0
3650591634,2,3,0,54,1,2024-01-04,2024-02-12,1
1740838062,1,2,0,56,0,2024-01-05,2024-02-11,0
4613412248,2,1,1,27,1,2024-01-06,2024-01-10,1
6341175770,2,2,2,60,1,2024-01-07,2024-02-09,1
3694016122,1,1,0,27,1,2024-01-08,2024-01-29,0
5557202503,1,3,0,22,0,2024-01-09,2024-01-19,0
1274662993,2,3,3,56,1,2024-01-10,2024-01-25,1
4145269142,2,2,2,38,1,2024-01-11,2024-02-20,1
3226250789,2,2,0,34,0,2024-01-12,2024-01-28,1
2414547739,1,3,0,29,1,2024-01-13,2024-01-30,0
9565948301,2,0,2,56,1,2024-01-14,2024-01-18,1
7082587153,2,0,0,29,1,2024-01-15,2024-03-10,1
2328677836,2,2,2,22,1,2024-01-16,2024-01-19,1
6168874380,1,2,0,63,0,2024-01-17,2024-03-13,0
7001288673,0,1,3,20,0,2024-01-18,2024-01-19,0
9475319472,2,2,1,35,0,2024-01-19,2024-02-01,1
5517554768,2,3,0,61,1,2024-01-20,2024-02-28,1
6386201832,1,1,2,63,1,2024-01-21,2024-01-31,0
8955670999,2,1,3,20,0,2024-01-22,2024-01-30,1
4101542753,1,3,3,56,0,2024-01-23,2024-03-03,1
5229297205,2,2,1,60,0,2024-01-24,2024-03-03,1
4940649538,2,3,1,23,0,2024-01-25,2024-03-17,1
3173935040,2,2,3,66,0,2024-01-26,2024-03-21,1
5573409613,1,3,0,40,0,2024-01-27,2024-03-21,0
9230571553,0,0,3,19,1,2024-01-28,2024-02-26,0
7527353377,0,3,3,32,0,2024-01-29,2024-02-17,0
2840061389,2,1,3,27,0,2024-01-30,2024-02-07,1
1550546283,0,3,2,21,1,2024-01-31,2024-02-20,0
5897817052,0,3,1,46,0,2024-02-01,2024-02-04,0
8007327126,2,2,2,42,0,2024-02-02,2024-02-04,1
1214056429,2,3,1,47,1,2024-02-03,2024-02-19,1
2213079553,1,0,2,47,0,2024-02-04,2024-04-03,0
7398025871,0,3,1,61,0,2024-02-05,2024-03-25,0
3641449574,2,3,2,65,1,2024-02-06,2024-03-23,1
3101832452,2,3,0,44,1,2024-02-07,2024-03-23,1
5081951956,0,0,0,45,1,2024-02-08,2024-03-17,0
9254748159,2,2,0,62,1,2024-02-09,2024-03-28,1
8225495633,2,1,0,32,0,2024-02-10,2024-02-23,1
5554110009,2,2,2,52,0,2024-02-11,2024-02-23,1
5143874520,2,3,1,32,0,2024-02-12,2024-02-24,1
4619830849,0,3,0,65,0,2024-02-13,2024-04-09,0
4248701508,1,2,3,65,0,2024-02-14,2024-03-25,1
7698020476,2,0,2,68,0,2024-02-15,2024-04-08,1
7836303476,2,3,0,44,0,2024-02-16,2024-03-12,1
2709357827,2,2,2,29,0,2024-02-17,2024-04-15,1
3169334554,1,1,0,25,0,2024-02-18,2024-04-10,0
4997017405,1,0,1,34,0,2024-02-19,2024-04-11,0
4045934650,1,0,0,34,0,2024-02-20,2024-03-27,0
7243493332,0,3,1,21,0,2024-02-21,2024-03-21,0
7042994207,2,0,1,20,0,2024-02-22,2024-04-09,1
6815074037,2,2,0,67,1,2024-02-23,2024-04-11,1
7312595922,0,0,3,59,0,2024-02-24,2024-04-17,0
5927852103,1,0,0,38,1,2024-02-25,2024-04-16,0
5767245144,1,2,0,23,1,2024-02-26,2024-03-23,0
8744314635,2,1,3,39,0,2024-02-27,2024-04-17,1
4634877304,2,1,3,46,1,2024-02-28,2024-03-05,1
4343775401,2,3,1,34,0,2024-02-29,2024-04-05,1
4606008628,1,0,2,51,0,2024-03-01,2024-04-10,1
1800642886,2,3,1,55,1,2024-03-02,2024-03-11,1
7319249264,2,1,1,46,0,2024-03-03,2024-04-19,1
6314588431,1,1,3,46,0,2024-03-04,2024-04-14,0
4163183465,2,2,1,59,1,2024-03-05,2024-03-07,1
1901823956,2,3,3,55,0,2024-03-06,2024-05-02,1
9340137804,2,0,2,35,1,2024-03-07,2024-05-03,1
1644307378,1,1,2,46,1,2024-03-08,2024-05-01,0
7464239644,2,3,1,45,1,2024-03-09,2024-04-10,1
8172387096,2,3,0,54,1,2024-03-10,2024-04-19,1
9709796215,1,0,3,63,0,2024-03-11,2024-04-28,1
7978410847,2,3,1,19,1,2024-03-12,2024-04-03,1
9188807395,0,0,2,42,1,2024-03-13,2024-04-15,0
2387645541,1,3,2,35,1,2024-03-14,2024-04-27,0
6935763701,1,1,3,52,0,2024-03-15,2024-03-30,0
3702660210,0,1,0,25,1,2024-03-16,2024-04-21,0
1744308821,2,2,1,48,0,2024-03-17,2024-04-27,1
4388147159,1,0,2,20,0,2024-03-18,2024-03-22,0
7103879059,1,3,0,58,1,2024-03-19,2024-03-24,0
2230452738,2,3,2,58,1,2024-03-20,2024-03-23,1
4319486636,1,1,2,61,1,2024-03-21,2024-05-18,0
4514345642,2,0,0,22,0,2024-03-22,2024-03-27,1
2273818658,2,2,1,46,0,2024-03-23,2024-03-31,1
4469114066,1,1,0,34,1,2024-03-24,2024-04-26,0
9029743752,2,0,3,30,1,2024-03-25,2024-04-09,1
6098690830,2,0,1,44,1,2024-03-26,2024-04-26,1
3961575102,1,1,3,64,1,2024-03-27,2024-04-27,1
6843460887,1,3,0,20,0,2024-03-28,2024-03-30,0
1600975481,1,2,0,61,0,2024-03-29,2024-05-14,0
2848044836,1,0,1,34,1,2024-03-30,2024-05-15,0
7447327480,2,0,0,60,1,2024-03-31,2024-05-22,1
7013205775,0,0,0,19,0,2024-04-01,2024-05-06,0
5929915685,2,1,3,18,0,2024-04-02,2024-05-20,1
3945390234,2,1,3,19,0,2024-04-03,2024-05-31,1
4274647459,2,3,2,20,1,2024-04-04,2024-05-06,1
3378595799,1,2,2,62,0,2024-04-05,2024-04-20,0
7637436875,1,3,1,42,0,2024-04-06,2024-05-01,0
9322204204,2,1,0,65,1,2024-04-07,2024-04-20,1
6246435749,1,2,1,56,1,2024-04-08,2024-06-04,0
6222135814,0,3,3,20,1,2024-04-09,2024-04-20,0
8153713041,0,3,2,34,1,2024-04-10,2024-05-25,0
8382170858,2,3,1,18,1,2024-04-11,2024-05-12,1
1593141855,1,3,0,27,1,2024-04-12,2024-05-01,0
1844973579,2,2,3,43,1,2024-04-13,2024-05-30,1
3798510460,1,2,1,26,1,2024-04-14,2024-06-08,1
2555747546,1,2,2,23,1,2024-04-15,2024-05-13,1
3536742928,0,1,1,35,0,2024-04-16,2024-04-18,0
1864279293,2,2,3,46,0,2024-04-17,2024-06-02,1
1526092711,1,2,2,66,1,2024-04-18,2024-05-25,1
2641242919,0,2,2,67,1,2024-04-19,2024-05-26,0
6041669619,1,0,2,45,1,2024-04-20,2024-05-16,1
9823632748,2,0,3,20,0,2024-04-21,2024-05-29,1
6361757978,0,2,1,66,0,2024-04-22,2024-06-16,0
3857378915,2,0,0,66,1,2024-04-23,2024-05-13,1
4791385943,2,1,3,35,1,2024-04-24,2024-05-15,1
1164667169,0,3,0,49,0,2024-04-25,2024-05-17,0
5731340944,1,1,2,26,0,2024-04-26,2024-05-04,0
8981041989,1,2,0,37,0,2024-04-27,2024-05-12,0
9678445739,0,3,3,19,0,2024-04-28,2024-05-29,0
7485214855,1,1,2,40,0,2024-04-29,2024-06-23,0
7109967720,2,2,3,64,0,2024-04-30,2024-06-20,1
3255532213,1,3,1,48,0,2024-05-01,2024-06-04,0
6066501575,2,2,2,36,0,2024-05-02,2024-06-25,1
3483342096,2,0,0,26,0,2024-05-03,2024-06-16,1
8711045776,1,3,0,48,1,2024-05-04,2024-05-11,0
1198748122,1,2,3,54,1,2024-05-05,2024-06-10,0
8185507263,2,0,0,42,1,2024-05-06,2024-06-19,1
4246457880,1,1,2,48,1,2024-05-07,2024-05-22,1
5692476633,0,3,2,36,1,2024-05-08,2024-07-03,0
3341080258,1,3,0,20,0,2024-05-09,2024-06-17,0
1322879214,2,1,3,30,1,2024-05-10,2024-06-03,1
5435418356,2,1,1,42,0,2024-05-11,2024-07-05,1
1840669348,0,2,1,18,0,2024-05-12,2024-06-14,0
6921196286,2,1,0,47,0,2024-05-13,2024-05-23,1
2912621112,2,1,1,32,1,2024-05-14,2024-06-12,1
3175396869,0,3,0,32,0,2024-05-15,2024-07-05,0
8384663365,2,0,1,54,1,2024-05-16,2024-05-30,1
7468913621,2,2,3,54,1,2024-05-17,2024-05-20,1
7014039990,2,0,1,40,0,2024-05-18,2024-07-10,1
7727167173,1,0,1,62,0,2024-05-19,2024-06-13,1
2618465460,2,2,1,34,0,2024-05-20,2024-06-13,1
2251165197,1,2,3,61,0,2024-05-21,2024-06-24,1
1562831643,1,2,0,40,0,2024-05-22,2024-05-27,0
6211348264,2,0,2,21,0,2024-05-23,2024-06-06,1
3867236251,2,2,0,25,0,2024-05-24,2024-07-19,1
2079361772,2,3,3,21,1,2024-05-25,2024-06-29,1
9908008093,1,2,2,69,0,2024-05-26,2024-06-02,0
2381478008,2,0,2,40,0,2024-05-27,2024-05-30,1
4982403005,2,2,0,68,1,2024-05-28,2024-07-20,1
1345388885,2,0,0,25,1,2024-05-29,2024-07-18,1
4646314969,1,0,2,61,0,2024-05-30,2024-07-09,1
7608296443,2,3,3,40,0,2024-05-31,2024-06-15,1
2804659640,2,0,1,69,1,2024-06-01,2024-06-12,1
4085045551,2,1,1,56,0,2024-06-02,2024-06-06,1
2430244798,1,1,1,36,1,2024-06-03,2024-06-28,0
8490174923,2,3,2,51,0,2024-06-04,2024-06-16,1
3727875994,0,1,3,66,1,2024-06-05,2024-07-14,0
1166627307,0,2,2,40,0,2024-06-06,2024-07-07,0
2211520165,1,1,3,68,1,2024-06-07,2024-07-24,0
3122069158,2,2,0,67,1,2024-06-08,2024-06-23,1
1204696638,2,1,0,54,0,2024-06-09,2024-06-23,1
5678386193,0,3,1,35,0,2024-06-10,2024-07-21,0
4057002300,2,3,1,29,0,2024-06-11,2024-07-15,1
2886067018,2,0,3,52,1,2024-06-12,2024-06-14,1
8434187912,2,1,0,19,0,2024-06-13,2024-07-12,1
8867699756,0,1,3,32,1,2024-06-14,2024-08-05,0
2020644197,2,3,3,35,0,2024-06-15,2024-06-21,1
4781285805,1,2,1,53,1,2024-06-16,2024-07-05,0
2992078586,2,0,0,65,1,2024-06-17,2024-06-26,1
8565767399,2,3,3,27,1,2024-06-18,2024-07-19,1
5416888981,1,3,3,23,0,2024-06-19,2024-07-17,1
1240267252,2,0,0,37,0,2024-06-20,2024-07-02,1
9481464752,2,0,2,38,1,2024-06-21,2024-06-26,1
9223834094,1,1,1,35,1,2024-06-22,2024-07-06,0
7073652490,0,3,2,60,0,2024-06-23,2024-07-28,0
6344244180,1,2,1,26,0,2024-06-24,2024-08-01,1
2892723630,1,2,0,22,0,2024-06-25,2024-08-02,0
2264159687,1,1,2,64,1,2024-06-26,2024-08-13,0
6149822116,1,3,0,50,0,2024-06-27,2024-07-09,0
6455322319,0,1,1,59,0,2024-06-28,2024-07-24,0
1079333212,2,2,0,50,1,2024-06-29,2024-08-14,1
6604433038,2,3,1,20,0,2024-06-30,2024-07-12,1
6678033074,2,3,1,57,1,2024-07-01,2024-08-28,1
9501576445,0,0,2,39,1,2024-07-02,2024-08-21,0
6069295439,2,2,0,25,0,2024-07-03,2024-07-21,1
1988995470,1,1,2,25,0,2024-07-04,2024-07-20,0
6801885210,2,0,3,66,1,2024-07-05,2024-08-02,1
5645681965,2,2,3,20,1,2024-07-06,2024-07-24,1
5585473202,0,0,0,45,1,2024-07-07,2024-09-03,0
2574746987,2,0,3,28,0,2024-07-08,2024-08-25,1
6678760554,0,1,1,61,1,2024-07-09,2024-09-06,0
9287463930,1,0,1,31,0,2024-07-10,2024-08-02,0
4078029461,2,3,3,24,0,2024-07-11,2024-07-29,1
1819416523,1,0,3,35,0,2024-07-12,2024-07-17,0
6244365688,0,0,3,63,0,2024-07-13,2024-07-14,0
1042731597,2,1,0,40,0,2024-07-14,2024-09-03,1
1266094433,2,3,2,55,1,2024-07-15,2024-09-01,1
7083912091,2,2,2,29,1,2024-07-16,2024-09-10,1
3436373909,1,1,3,48,0,2024-07-17,2024-08-31,1
9976796881,2,1,3,59,1,2024-07-18,2024-08-28,1
7386971288,2,2,2,30,1,2024-07-19,2024-08-18,1
4643126800,1,1,3,61,0,2024-07-20,2024-08-11,0
6775563609,2,2,2,51,0,2024-07-21,2024-09-08,1
6332594266,2,1,0,31,0,2024-07-22,2024-07-27,1
1848744251,1,1,0,40,1,2024-07-23,2024-09-05,0
9922273125,2,2,1,29,0,2024-07-24,2024-08-24,1
2845920389,0,2,2,22,0,2024-07-25,2024-08-24,0
1484950623,0,1,0,48,0,2024-07-26,2024-08-22,0
3741015535,0,3,3,43,0,2024-07-27,2024-09-12,0
4532559852,2,1,0,35,0,2024-07-28,2024-08-13,1
3176123956,2,2,2,61,0,2024-07-29,2024-09-16,1
6259222708,1,3,2,35,1,2024-07-30,2024-09-07,0
4833834742,0,0,0,59,1,2024-07-31,2024-09-23,0
5325708056,2,1,0,37,1,2024-08-01,2024-08-03,1
9533811980,1,2,1,24,0,2024-08-02,2024-08-09,0
8175364249,1,1,0,61,1,2024-08-03,2024-08-27,0
7527338023,2,0,3,52,1,2024-08-04,2024-09-19,1
7278684974,0,3,2,24,0,2024-08-05,2024-08-30,0
6363030663,2,3,2,55,0,2024-08-06,2024-08-31,1
9050085428,1,0,0,49,0,2024-08-07,2024-09-19,1
8289292392,1,3,0,37,0,2024-08-08,2024-10-03,0
8500071430,1,2,2,45,0,2024-08-09,2024-09-01,1
3619364829,1,2,3,58,1,2024-08-10,2024-09-26,0
7209726380,1,1,2,63,1,2024-08-11,2024-09-24,1
4500892477,2,0,1,66,1,2024-08-12,2024-10-09,1
4630352840,2,0,0,40,1,2024-08-13,2024-09-15,1
8746873505,2,0,3,39,1,2024-08-14,2024-08-31,1
4389953603,0,2,0,66,0,2024-08-15,2024-09-19,0
8391255906,1,1,0,23,1,2024-08-16,2024-10-09,0
4005346204,2,2,0,36,0,2024-08-17,2024-10-08,1
2377540393,0,2,1,69,1,2024-08-18,2024-10-15,0
1219298744,2,3,1,48,0,2024-08-19,2024-09-24,1
3765320806,1,1,3,38,0,2024-08-20,2024-09-15,1
2733997056,2,2,3,57,0,2024-08-21,2024-09-23,1
4238764748,2,1,3,32,0,2024-08-22,2024-10-06,1
8030477334,2,2,3,48,0,2024-08-23,2024-10-10,1
9943359798,1,1,1,47,1,2024-08-24,2024-10-03,0
4027108891,1,3,3,66,0,2024-08-25,2024-10-17,0
6926541971,0,0,3,52,0,2024-08-26,2024-09-12,0
7721599587,0,2,3,44,0,2024-08-27,2024-09-22,0
8934298819,2,0,2,25,0,2024-08-28,2024-10-03,1
9260058719,2,3,0,68,1,2024-08-29,2024-10-21,1
5042269917,2,2,3,22,0,2024-08-30,2024-09-28,1
3921496572,2,3,0,57,0,2024-08-31,2024-10-16,1
1587348450,2,3,0,18,1,2024-09-01,2024-10-06,1
7912550927,2,1,3,18,0,2024-09-02,2024-10-09,1
6834348141,1,2,1,68,1,2024-09-03,2024-09-27,1
4153230684,1,0,3,54,1,2024-09-04,2024-10-26,1
3666418675,2,3,1,69,0,2024-09-05,2024-10-21,1
4966902752,1,2,0,25,0,2024-09-06,2024-09-29,0
7452039687,2,0,3,33,0,2024-09-07,2024-11-04,1
2341591948,2,1,3,27,1,2024-09-08,2024-10-24,1
5122594169,2,2,0,30,0,2024-09-09,2024-09-17,1
7462002975,2,3,2,57,1,2024-09-10,2024-09-22,1
7223827993,2,0,1,22,1,2024-09-11,2024-10-20,1
4268744021,2,1,1,26,0,2024-09-12,2024-09-19,1
5613994294,2,3,1,36,1,2024-09-13,2024-09-21,1
1309804298,2,1,0,56,0,2024-09-14,2024-09-21,1
1381260176,1,0,1,22,1,2024-09-15,2024-10-26,1
8418268065,2,0,1,35,0,2024-09-16,2024-11-10,1
9454864765,2,1,3,31,1,2024-09-17,2024-09-21,1
7457657765,1,1,0,49,1,2024-09-18,2024-10-14,1
3880089409,1,2,1,63,1,2024-09-19,2024-11-15,1
3379117994,2,2,3,24,0,2024-09-20,2024-10-27,1
6019549283,2,0,0,65,0,2024-09-21,2024-10-17,1
7882101190,2,3,0,48,0,2024-09-22,2024-10-18,1
4291758883,2,3,1,50,0,2024-09-23,2024-10-09,1
4322134705,0,0,0,50,0,2024-09-24,2024-11-01,0
4574161846,0,1,1,65,0,2024-09-25,2024-11-20,0
1690273065,2,0,2,26,1,2024-09-26,2024-10-29,1
6107984189,2,1,1,25,1,2024-09-27,2024-10-12,1
7803928263,2,1,0,26,1,2024-09-28,2024-11-25,1
9430454345,1,0,3,46,0,2024-09-29,2024-10-14,0
5632936542,1,0,1,58,1,2024-09-30,2024-10-01,0
3718853470,1,1,3,55,0,2024-10-01,2024-10-16,1
4526669213,2,3,1,29,0,2024-10-02,2024-11-03,1
6494080183,2,3,0,38,0,2024-10-03,2024-10-24,1
8834805604,0,2,3,62,1,2024-10-04,2024-11-23,0
9955829452,0,2,2,66,0,2024-10-05,2024-11-19,0
6015565437,2,2,1,46,1,2024-10-06,2024-11-24,1
9219137154,2,1,3,55,0,2024-10-07,2024-11-14,1
8122578539,2,0,3,54,0,2024-10-08,2024-10-26,1
2618927701,2,3,2,56,1,2024-10-09,2024-10-18,1
6429518532,0,2,2,56,0,2024-10-10,2024-10-15,0
8109754726,2,2,1,27,0,2024-10-11,2024-11-23,1
8154894970,2,0,3,27,1,2024-10-12,2024-10-26,1
3086477136,1,2,3,58,1,2024-10-13,2024-10-14,0
9923128232,0,1,2,55,1,2024-10-14,2024-10-23,0
5582382426,2,2,2,26,0,2024-10-15,2024-11-05,1
9250191727,1,0,1,35,1,2024-10-16,2024-11-25,0
9841632147,2,1,3,56,1,2024-10-17,2024-11-05,1
1486102303,2,1,1,37,0,2024-10-18,2024-11-27,1
4601714859,1,3,0,35,0,2024-10-19,2024-12-05,0
9549844289,1,2,1,68,0,2024-10-20,2024-11-01,0
8168672549,2,1,2,68,0,2024-10-21,2024-10-24,1
8817455409,2,3,3,51,0,2024-10-22,2024-11-01,1
4122832230,1,3,3,44,0,2024-10-23,2024-12-19,0
1160452381,2,3,2,44,1,2024-10-24,2024-12-19,1
3605923154,1,3,1,55,1,2024-10-25,2024-11-27,0
5892361147,2,1,2,65,1,2024-10-26,2024-12-13,1
5833423347,0,3,1,60,0,2024-10-27,2024-12-23,0
7807855294,2,3,2,34,0,2024-10-28,2024-11-19,1
9843660023,1,2,3,22,0,2024-10-29,2024-11-04,0
3966655783,2,2,2,42,1,2024-10-30,2024-11-06,1
5249246934,2,2,0,46,1,2024-10-31,2024-11-02,1
6010524234,2,0,1,29,1,2024-11-01,2024-12-13,1
7769455599,2,0,2,35,1,2024-11-02,2024-11-19,1
6588610749,2,1,0,48,1,2024-11-03,2024-12-15,1
5044410968,0,2,0,36,0,2024-11-04,2024-11-24,0
3901894452,0,3,1,22,0,2024-11-05,2024-11-15,0
2377341946,1,1,0,32,0,2024-11-06,2024-12-19,1
6246159142,2,0,2,65,0,2024-11-07,2024-11-20,1
9745951972,2,1,2,69,0,2024-11-08,2024-11-15,1
8276026393,1,1,0,54,1,2024-11-09,2024-11-18,0
1231565526,1,2,0,59,1,2024-11-10,2024-12-24,0
3442607884,1,2,2,67,0,2024-11-11,2024-12-04,1
9864697826,2,2,2,19,1,2024-11-12,2025-01-02,1
6653528126,1,2,3,32,0,2024-11-13,2025-01-04,1
1214327399,2,0,2,19,0,2024-11-14,2024-12-09,1
8976149135,2,3,1,27,0,2024-11-15,2024-12-27,1
5492835792,2,3,2,30,0,2024-11-16,2024-11-25,1
2252087237,2,2,2,40,1,2024-11-17,2024-11-22,1
6903920062,0,0,3,39,1,2024-11-18,2024-12-14,0
2298224676,2,2,3,18,0,2024-11-19,2024-12-29,1
8801829905,0,3,3,55,0,2024-11-20,2024-11-30,0
4143666566,2,0,3,18,1,2024-11-21,2025-01-09,1
3418965317,2,0,1,43,0,2024-11-22,2024-11-26,1
7639520307,2,1,2,47,1,2024-11-23,2024-12-21,1
7831588946,0,0,1,43,1,2024-11-24,2024-12-13,0
7082411884,2,2,1,58,1,2024-11-25,2024-12-31,1
7899244169,1,3,1,27,1,2024-11-26,2024-12-01,0
7271595812,1,1,1,39,0,2024-11-27,2025-01-02,1
1199643380,2,2,1,18,0,2024-11-28,2024-11-29,1
5734305491,2,2,0,28,0,2024-11-29,2024-12-21,1
5858973021,2,1,1,65,1,2024-11-30,2025-01-24,1
7763515970,2,1,3,40,0,2024-12-01,2025-01-19,1
9757377695,2,2,2,36,0,2024-12-02,2024-12-07,1
1529265774,1,1,1,63,1,2024-12-03,2025-01-18,1
1297351667,2,1,0,18,1,2024-12-04,2024-12-28,1
3612467264,1,1,1,32,0,2024-12-05,2024-12-11,1
5851182225,2,1,2,20,0,2024-12-06,2024-12-07,1
2811377758,0,0,0,31,1,2024-12-07,2025-01-10,0
5299784968,2,2,1,31,1,2024-12-08,2025-02-02,1
5976250434,1,0,1,46,1,2024-12-09,2025-01-02,0
2862485392,2,3,2,53,1,2024-12-10,2025-01-26,1
3502464038,1,3,1,44,1,2024-12-11,2025-01-02,0
9396219489,2,0,2,40,0,2024-12-12,2025-01-13,1
2683150747,1,1,3,27,0,2024-12-13,2024-12-28,1
2266183486,2,3,2,43,1,2024-12-14,2025-01-19,1
8462117141,0,3,1,42,1,2024-12-15,2024-12-17,0
8002050737,1,2,2,69,1,2024-12-16,2025-02-11,0
5201567478,2,3,1,41,1,2024-12-17,2025-01-14,1
2585738487,2,2,1,46,0,2024-12-18,2024-12-25,1
5637067602,2,3,1,59,1,2024-12-19,2025-01-23,1
1947774176,1,0,2,58,0,2024-12-20,2025-01-19,0
4078601112,2,1,2,24,0,2024-12-21,2025-01-03,1
2708385919,2,2,1,62,0,2024-12-22,2024-12-28,1
7048339606,2,1,0,56,1,2024-12-23,2025-01-29,1
5296094513,1,1,1,50,1,2024-12-24,2025-01-13,0
3113485802,2,2,2,48,0,2024-12-25,2025-02-13,1
3063826767,2,3,0,31,1,2024-12-26,2025-01-09,1
2305255511,2,1,2,68,1,2024-12-27,2025-02-12,1
4691640600,2,3,2,25,1,2024-12-28,2025-02-21,1
1971052305,2,3,1,37,1,2024-12-29,2025-02-02,1
2961598971,1,3,0,56,0,2024-12-30,2025-01-27,1
7671449052,2,1,2,63,0,2024-12-31,2025-01-28,1
6771569960,1,2,3,45,1,2025-01-01,2025-02-05,0
6718904063,1,0,3,23,0,2025-01-02,2025-01-07,1
7485227521,2,3,2,63,0,2025-01-03,2025-02-16,1
5825108565,1,2,0,33,1,2025-01-04,2025-03-04,0
4504599370,2,0,0,27,1,2025-01-05,2025-02-10,1
3905661045,1,2,1,68,0,2025-01-06,2025-01-16,0
3896411179,0,2,3,43,1,2025-01-07,2025-02-18,0
5902794530,0,2,0,30,0,2025-01-08,2025-01-28,0
1960191231,1,2,3,50,1,2025-01-09,2025-01-19,0
2279461792,1,1,0,63,0,2025-01-10,2025-01-25,1
1116629030,1,2,0,66,0,2025-01-11,2025-03-09,0
9371748517,1,0,1,58,1,2025-01-12,2025-01-25,1
9004407733,2,3,1,32,0,2025-01-13,2025-02-05,1
3050364063,0,2,3,49,0,2025-01-14,2025-02-27,0
1011903030,1,3,2,53,0,2025-01-15,2025-02-20,0
6234114532,2,1,0,58,1,2025-01-16,2025-02-09,1
8114520321,2,1,2,22,0,2025-01-17,2025-02-27,1
1149295699,2,2,1,26,0,2025-01-18,2025-03-08,1
9436679946,2,3,1,33,0,2025-01-19,2025-03-04,1
5449191750,2,3,3,23,1,2025-01-20,2025-03-03,1
9387931728,0,1,0,25,0,2025-01-21,2025-02-17,0
7916892425,0,3,2,46,0,2025-01-22,2025-03-17,0
1401583116,0,0,3,56,1,2025-01-23,2025-03-17,0
1551289652,1,3,3,45,0,2025-01-24,2025-01-27,0
3012973173,1,0,1,43,1,2025-01-25,2025-02-07,0
8595283657,2,0,0,67,0,2025-01-26,2025-03-26,1
6529417497,2,1,3,64,0,2025-01-27,2025-02-25,1
8244298270,2,0,2,40,1,2025-01-28,2025-03-27,1
5468707567,1,0,2,18,0,2025-01-29,2025-03-13,0
9722330589,2,0,3,52,1,2025-01-30,2025-02-28,1
8539385556,2,3,1,45,1,2025-01-31,2025-02-03,1
2476692426,1,3,1,38,0,2025-02-01,2025-02-28,1
6702347748,2,3,2,59,0,2025-02-02,2025-03-08,1
6169763487,2,3,0,42,0,2025-02-03,2025-02-22,1
8925930539,1,3,0,60,1,2025-02-04,2025-03-07,0
9043391244,2,3,2,69,1,2025-02-05,2025-03-27,1
4150751877,2,3,2,19,0,2025-02-06,2025-03-18,1
2583514224,2,0,0,24,0,2025-02-07,2025-02-08,1
5460731994,1,1,3,35,1,2025-02-08,2025-04-02,0
8845000219,0,1,0,65,0,2025-02-09,2025-02-25,0
6284633864,2,1,2,47,0,2025-02-10,2025-02-23,1
7350162425,2,2,0,18,0,2025-02-11,2025-04-02,1
8174074261,2,2,3,55,1,2025-02-12,2025-02-26,1
2293037010,2,1,1,27,0,2025-02-13,2025-04-02,1
1590203359,0,0,1,35,1,2025-02-14,2025-02-18,0
3247850186,0,0,1,35,1,2025-02-15,2025-02-23,0
5684826280,2,3,2,68,0,2025-02-16,2025-03-23,1
9947633101,2,1,3,62,0,2025-02-17,2025-02-26,1
8702896950,2,3,0,20,0,2025-02-18,2025-02-21,1
5046088881,1,3,2,40,0,2025-02-19,2025-04-04,1
2664401346,1,0,0,42,0,2025-02-20,2025-04-01,0
9225123512,1,0,0,27,0,2025-02-21,2025-03-13,0
5844638092,0,0,3,40,1,2025-02-22,2025-03-15,0
5344692653,2,3,1,34,0,2025-02-23,2025-03-06,1
1694062108,1,3,0,19,1,2025-02-24,2025-04-08,0
9964034517,2,0,0,43,1,2025-02-25,2025-03-29,1
9219328217,0,0,0,47,0,2025-02-26,2025-03-17,0
6058151836,0,0,2,45,1,2025-02-27,2025-04-23,0
6386220989,0,2,2,69,0,2025-02-28,2025-04-26,0
6709312748,1,1,1,37,1,2025-03-01,2025-04-03,0
7306018324,0,1,2,30,1,2025-03-02,2025-04-19,0
3921519802,1,1,1,67,1,2025-03-03,2025-04-02,1
1410340974,0,3,2,42,1,2025-03-04,2025-04-25,0
4358240481,2,3,1,20,1,2025-03-05,2025-03-25,1
5494569943,2,2,1,56,1,2025-03-06,2025-05-01,1
3684924796,1,2,0,45,0,2025-03-07,2025-04-03,1
1486041914,2,2,2,36,0,2025-03-08,2025-05-01,1
1511363191,0,2,1,52,0,2025-03-09,2025-05-04,0
1135985183,0,2,0,65,0,2025-03-10,2025-04-11,0
9662573282,2,1,1,25,0,2025-03-11,2025-04-02,1
3631437644,0,3,1,47,1,2025-03-12,2025-03-27,0
2894428048,2,1,2,53,1,2025-03-13,2025-03-18,1
9641893582,2,2,3,55,1,2025-03-14,2025-03-29,1
8203144714,0,0,3,66,1,2025-03-15,2025-03-20,0
3133557629,2,0,0,46,0,2025-03-16,2025-04-24,1
1276835723,1,0,2,38,1,2025-03-17,2025-04-02,0
8375880822,2,0,3,22,1,2025-03-18,2025-05-03,1
8817560352,2,0,2,61,1,2025-03-19,2025-03-27,1
5756844624,0,2,1,44,1,2025-03-20,2025-03-29,0
4472240111,1,0,3,68,1,2025-03-21,2025-05-14,1
4750132310,0,1,2,61,1,2025-03-22,2025-05-04,0
1787207388,2,2,0,56,0,2025-03-23,2025-03-25,1
7248054947,2,1,2,48,1,2025-03-24,2025-04-03,1
6881467980,2,3,1,29,1,2025-03-25,2025-05-04,1
3284374140,2,3,0,39,1,2025-03-26,2025-04-05,1
7868635766,1,3,0,41,1,2025-03-27,2025-03-31,0
5753034707,2,1,3,24,1,2025-03-28,2025-05-12,1
1624457038,2,2,3,52,1,2025-03-29,2025-03-30,1
2053202396,0,3,1,60,1,2025-03-30,2025-05-22,0
6824020837,2,3,3,40,1,2025-03-31,2025-05-25,1
5021150022,2,2,0,42,1,2025-04-01,2025-05-21,1
1033024626,0,0,2,22,1,2025-04-02,2025-04-18,0
2789168721,2,0,3,43,1,2025-04-03,2025-05-30,1
6638125998,1,1,3,38,1,2025-04-04,2025-04-25,1
7840493626,0,2,0,64,0,2025-04-05,2025-05-11,0
3326899307,1,1,0,28,0,2025-04-06,2025-06-04,0
5298945364,2,2,2,33,0,2025-04-07,2025-05-19,1
6085187508,2,1,3,49,0,2025-04-08,2025-05-16,1
9673239626,1,1,1,68,0,2025-04-09,2025-06-06,0
1626561246,2,2,2,64,0,2025-04-10,2025-04-12,1
4857693842,2,1,0,63,0,2025-04-11,2025-04-29,1
7642359909,2,1,2,46,1,2025-04-12,2025-05-01,1
3252762564,2,2,0,62,0,2025-04-13,2025-05-08,1
2929761024,1,0,3,30,0,2025-04-14,2025-05-08,0
6541047314,1,2,1,32,0,2025-04-15,2025-05-09,0
4178848958,2,2,0,66,0,2025-04-16,2025-05-17,1
7709260898,0,0,0,61,1,2025-04-17,2025-05-29,0
4349188417,2,1,3,32,1,2025-04-18,2025-06-03,1
1973570138,0,3,0,22,0,2025-04-19,2025-05-15,0
1060589622,2,0,2,44,0,2025-04-20,2025-04-30,1
6323603856,0,0,0,68,1,2025-04-21,2025-06-16,0
5439129931,0,1,3,64,0,2025-04-22,2025-05-23,0
6323210077,2,1,1,23,0,2025-04-23,2025-04-24,1
2024051450,2,3,1,49,1,2025-04-24,2025-05-10,1
1992107586,1,0,3,49,0,2025-04-25,2025-04-26,0
1370168506,2,0,1,27,1,2025-04-26,2025-06-03,1
9981280460,2,0,3,63,1,2025-04-27,2025-05-22,1
3442230958,2,3,0,53,1,2025-04-28,2025-06-18,1
9746933153,2,1,3,33,1,2025-04-29,2025-05-25,1
6868760498,2,2,0,32,0,2025-04-30,2025-06-25,1
6808596005,2,0,0,50,0,2025-05-01,2025-06-08,1
8336422807,1,3,3,65,1,2025-05-02,2025-06-29,0
9185602031,0,3,0,31,0,2025-05-03,2025-05-30,0
4516067625,2,3,1,35,0,2025-05-04,2025-05-14,1
5846454494,2,0,1,68,0,2025-05-05,2025-05-24,1
6805709402,1,3,1,50,0,2025-05-06,2025-06-03,0
5265158870,1,3,0,47,0,2025-05-07,2025-06-05,0
1674826962,1,1,2,26,0,2025-05-08,2025-06-20,0
6974541865,0,2,3,68,1,2025-05-09,2025-06-05,0
4874299931,1,2,3,64,1,2025-05-10,2025-07-01,1
2504242642,2,0,2,18,1,2025-05-11,2025-07-01,1
2999300829,2,2,3,41,1,2025-05-12,2025-06-04,1
3445320961,2,0,1,64,0,2025-05-13,2025-06-20,1
8948190927,0,1,2,68,0,2025-05-14,2025-05-22,0
7034623165,2,0,3,58,1,2025-05-15,2025-05-23,1
1568695847,0,0,3,41,1,2025-05-16,2025-06-03,0
5057184943,2,1,2,18,1,2025-05-17,2025-05-30,1
9286390509,0,1,2,26,0,2025-05-18,2025-06-24,0
7242180008,2,1,0,22,1,2025-05-19,2025-06-26,1
9034999402,2,3,0,19,0,2025-05-20,2025-06-10,1
7045364839,1,3,0,37,0,2025-05-21,2025-06-19,1
7668811827,2,0,2,25,0,2025-05-22,2025-07-20,1
5123567078,1,2,3,44,0,2025-05-23,2025-06-17,0
7627757804,2,3,1,20,1,2025-05-24,2025-06-03,1
7710199276,2,2,1,35,1,2025-05-25,2025-06-11,1
8453801504,2,2,2,44,0,2025-05-26,2025-07-06,1
4579840081,2,0,3,38,0,2025-05-27,2025-07-05,1
6689118631,2,2,3,29,1,2025-05-28,2025-06-06,1
8959611466,2,3,3,66,1,2025-05-29,2025-06-22,1
1558177869,2,0,2,51,0,2025-05-30,2025-06-03,1
1299912016,2,0,2,66,1,2025-05-31,2025-07-18,1
7471954202,2,2,3,57,1,2025-06-01,2025-06-04,1
2903706827,0,1,3,66,0,2025-06-02,2025-07-19,0
2089048735,2,1,3,29,0,2025-06-03,2025-08-01,1
6866148324,0,3,0,68,0,2025-06-04,2025-07-19,0
1236293102,2,2,3,26,1,2025-06-05,2025-06-09,1
7074234203,1,2,3,52,0,2025-06-06,2025-08-03,0
4402331263,2,0,2,51,1,2025-06-07,2025-07-10,1
6551102494,2,3,2,51,0,2025-06-08,2025-06-11,1
6574038900,2,3,2,66,1,2025-06-09,2025-06-18,1
1409569550,0,0,1,56,1,2025-06-10,2025-07-13,0
7966905030,0,1,2,25,1,2025-06-11,2025-07-12,0
1623771291,2,1,3,65,0,2025-06-12,2025-06-15,1
2074968936,2,1,0,33,0,2025-06-13,2025-07-04,1
8892097556,2,3,3,19,1,2025-06-14,2025-06-15,1
7193173433,0,2,0,62,0,2025-06-15,2025-08-05,0
5233409100,2,2,3,64,1,2025-06-16,2025-08-10,1
6862472491,2,0,0,18,1,2025-06-17,2025-08-15,1
4214174747,2,0,2,46,0,2025-06-18,2025-08-16,1
3902266828,1,0,1,68,1,2025-06-19,2025-07-26,0
5892515136,1,2,1,67,0,2025-06-20,2025-07-25,0
6026211644,2,2,1,44,1,2025-06-21,2025-06-30,1
2670686236,2,0,1,64,0,2025-06-22,2025-08-16,1
6534250950,1,0,0,28,1,2025-06-23,2025-07-06,1
5935880270,2,1,0,25,1,2025-06-24,2025-06-27,1
7320303447,0,0,1,22,1,2025-06-25,2025-07-09,0
4213999323,0,3,0,44,0,2025-06-26,2025-06-29,0
1947700168,1,2,0,38,1,2025-06-27,2025-07-19,1
4755123676,2,1,3,49,1,2025-06-28,2025-07-30,1
6682122326,0,0,0,49,0,2025-06-29,2025-08-13,0
9925522016,2,1,2,58,0,2025-06-30,2025-08-10,1
7378209874,2,3,1,32,0,2025-07-01,2025-08-17,1
1770634408,2,2,3,28,0,2025-07-02,2025-07-21,1
2112904705,2,3,1,68,1,2025-07-03,2025-07-08,1
8401803769,2,2,2,36,0,2025-07-04,2025-08-09,1
3329423736,1,1,0,69,0,2025-07-05,2025-07-08,0
4765473766,2,3,3,58,1,2025-07-06,2025-08-11,1
6399378796,2,0,3,37,1,2025-07-07,2025-08-15,1
6401623355,1,0,0,64,1,2025-07-08,2025-09-01,1
2005561164,2,1,1,67,0,2025-07-09,2025-08-16,1
2394840999,2,2,1,29,1,2025-07-10,2025-08-22,1
2982288746,0,0,1,25,0,2025-07-11,2025-08-20,0
3042168042,0,3,2,29,1,2025-07-12,2025-08-30,0
2611512838,2,0,0,24,0,2025-07-13,2025-07-27,1
2097057948,1,3,2,43,1,2025-07-14,2025-08-11,0
3495592002,2,2,1,47,1,2025-07-15,2025-08-07,1
9070784303,1,1,2,45,0,2025-07-16,2025-07-24,0
4000768996,2,3,3,36,1,2025-07-17,2025-08-29,1
1290112364,0,3,3,28,0,2025-07-18,2025-08-04,0
5444890102,1,0,2,21,0,2025-07-19,2025-08-15,0
8711935439,2,3,3,40,1,2025-07-20,2025-08-25,1
6214678009,1,0,3,59,1,2025-07-21,2025-07-24,0
6400539952,0,3,3,58,0,2025-07-22,2025-08-29,0
1995807584,2,3,1,54,0,2025-07-23,2025-07-31,1
7212402351,2,1,0,33,0,2025-07-24,2025-08-19,1
1815164667,2,2,0,34,0,2025-07-25,2025-09-11,1
1473875372,2,3,0,32,1,2025-07-26,2025-07-28,1
8519847217,0,3,3,42,1,2025-07-27,2025-08-30,0
7391667658,1,3,2,37,0,2025-07-28,2025-08-02,0
2463165081,1,3,0,40,1,2025-07-29,2025-08-16,0
5939805910,2,0,2,32,0,2025-07-30,2025-08-31,1
6630889257,1,2,0,18,0,2025-07-31,2025-08-14,0
2528766267,1,3,1,31,1,2025-08-01,2025-09-22,0
3657021771,0,3,0,50,0,2025-08-02,2025-08-25,0
9558562529,0,3,2,64,1,2025-08-03,2025-09-26,0
1175362904,2,1,1,46,1,2025-08-04,2025-09-28,1
2675401241,2,3,2,29,0,2025-08-05,2025-09-18,1
3491280812,2,1,1,59,0,2025-08-06,2025-08-29,1
9906797302,2,3,0,56,0,2025-08-07,2025-09-26,1
4677692017,2,3,1,33,1,2025-08-08,2025-08-22,1
7963299632,2,1,0,58,1,2025-08-09,2025-09-15,1
1757361559,1,3,2,26,0,2025-08-10,2025-09-02,0
4087733494,0,2,2,62,0,2025-08-11,2025-08-17,0
4429798608,1,0,0,34,0,2025-08-12,2025-09-14,0
2051849573,1,2,0,52,0,2025-08-13,2025-08-19,1
5075511211,2,0,3,60,0,2025-08-14,2025-09-28,1
5928829121,1,2,3,69,0,2025-08-15,2025-08-21,0
3203152140,2,0,2,50,1,2025-08-16,2025-08-25,1
1255897057,1,2,1,35,1,2025-08-17,2025-10-10,1
3201356105,2,0,3,51,0,2025-08-18,2025-09-02,1
7202671630,2,1,0,61,1,2025-08-19,2025-09-09,1
2176487835,2,1,1,22,1,2025-08-20,2025-08-31,1
7834465966,2,3,1,67,0,2025-08-21,2025-09-11,1
4872913402,2,3,3,39,0,2025-08-22,2025-09-11,1
8839304047,2,0,0,53,0,2025-08-23,2025-10-09,1
8795935017,1,0,0,37,0,2025-08-24,2025-09-02,0
5606826159,0,0,0,24,1,2025-08-25,2025-08-29,0
5578594076,2,2,2,23,1,2025-08-26,2025-09-18,1
5329481834,2,3,3,32,0,2025-08-27,2025-10-03,1
3308243176,2,3,3,50,0,2025-08-28,2025-09-25,1
6497527266,1,3,1,29,0,2025-08-29,2025-10-17,0
5797916938,1,3,0,54,0,2025-08-30,2025-09-09,0
9312465905,2,2,2,46,1,2025-08-31,2025-09-27,1
7552006001,1,3,3,59,0,2025-09-01,2025-10-25,0
7610712744,1,3,2,42,1,2025-09-02,2025-10-03,0
1762346979,2,2,3,49,1,2025-09-03,2025-10-12,1
3689162149,0,3,3,64,0,2025-09-04,2025-10-10,0
1855935207,2,2,3,22,1,2025-09-05,2025-10-07,1
4455532405,1,0,3,26,1,2025-09-06,2025-09-21,0
9247695130,1,0,2,35,1,2025-09-07,2025-09-30,1
3578321229,1,0,2,34,0,2025-09-08,2025-10-10,0
2032894836,2,2,3,52,0,2025-09-09,2025-10-28,1
9337179602,2,2,2,32,0,2025-09-10,2025-10-18,1
5661976665,2,0,0,65,0,2025-09-11,2025-09-24,1
2568361312,2,3,0,57,0,2025-09-12,2025-10-21,1
7130725890,1,2,3,57,1,2025-09-13,2025-09-18,0
5385200409,2,0,0,31,0,2025-09-14,2025-09-22,1
6425620692,1,1,0,42,1,2025-09-15,2025-11-11,0
3726720203,2,0,1,41,1,2025-09-16,2025-10-26,1
8341729989,0,0,3,61,1,2025-09-17,2025-09-21,0
4258090122,2,3,2,34,0,2025-09-18,2025-11-06,1
8898064935,2,1,1,67,0,2025-09-19,2025-11-17,1
8153425027,2,1,0,40,1,2025-09-20,2025-10-12,1
6618230830,2,1,0,30,1,2025-09-21,2025-10-28,1
3864503054,1,0,2,40,1,2025-09-22,2025-10-07,0
8025941567,2,1,0,25,0,2025-09-23,2025-09-25,1
9490281010,2,2,0,30,1,2025-09-24,2025-09-27,1
8612863827,1,3,1,36,0,2025-09-25,2025-09-27,1
6172509803,1,1,3,27,1,2025-09-26,2025-10-08,1
3311668322,2,1,0,66,1,2025-09-27,2025-10-09,1
1041237416,2,1,1,61,0,2025-09-28,2025-09-30,1
9899228304,1,3,0,54,0,2025-09-29,2025-10-15,0
4106082322,2,1,0,55,1,2025-09-30,2025-10-26,1
3427997072,2,1,3,58,0,2025-10-01,2025-11-16,1
2348261742,1,1,2,20,0,2025-10-02,2025-10-22,1
4028350277,0,2,0,27,0,2025-10-03,2025-11-28,0
6348846350,2,2,0,47,0,2025-10-04,2025-10-09,1
8274017662,2,2,3,27,0,2025-10-05,2025-11-21,1
9323009290,1,2,1,51,1,2025-10-06,2025-11-16,0
6489312953,2,0,0,67,0,2025-10-07,2025-10-16,1
9301158240,0,3,0,34,0,2025-10-08,2025-12-02,0
4278064922,1,2,1,40,0,2025-10-09,2025-11-14,0
2012888900,1,0,2,52,0,2025-10-10,2025-12-04,0
6205903541,0,3,1,41,1,2025-10-11,2025-10-12,0
8629540453,0,1,2,32,0,2025-10-12,2025-10-16,0
4291619567,0,3,0,18,0,2025-10-13,2025-10-14,0
2400659346,1,1,3,34,1,2025-10-14,2025-11-14,0
5245128371,2,3,2,53,1,2025-10-15,2025-11-21,1
1150819823,2,0,2,30,1,2025-10-16,2025-10-24,1
5985572158,2,3,0,50,1,2025-10-17,2025-11-07,1
2353857803,1,2,1,28,1,2025-10-18,2025-10-21,0
3256333696,2,0,1,48,1,2025-10-19,2025-10-31,1
2627671728,1,2,1,37,0,2025-10-20,2025-12-10,1
9714967161,1,3,2,40,1,2025-10-21,2025-10-22,0
2433614354,1,0,0,22,0,2025-10-22,2025-12-14,0
9219490276,2,0,1,57,1,2025-10-23,2025-12-11,1
7941241121,0,2,3,26,1,2025-10-24,2025-11-18,0
7819371358,2,1,3,24,0,2025-10-25,2025-11-27,1
3180102812,1,1,0,38,0,2025-10-26,2025-12-12,0
8708893994,0,2,1,43,0,2025-10-27,2025-12-14,0
3341608737,0,3,1,56,1,2025-10-28,2025-11-06,0
1797159116,2,3,0,31,0,2025-10-29,2025-11-08,1
5648750898,1,3,3,41,1,2025-10-30,2025-11-29,0
3162248248,2,1,1,47,0,2025-10-31,2025-11-13,1
9377320582,2,3,2,22,0,2025-11-01,2025-12-09,1
4768790939,1,2,0,28,0,2025-11-02,2025-11-23,0
1933827452,1,2,3,36,1,2025-11-03,2025-12-11,0
2398703701,2,1,0,43,1,2025-11-04,2025-12-21,1
5496331063,2,3,2,22,1,2025-11-05,2025-11-19,1
3005214910,2,1,1,18,0,2025-11-06,2025-11-21,1
4815513231,0,2,2,54,1,2025-11-07,2025-11-19,0
3596403607,0,0,3,24,1,2025-11-08,2025-12-12,0
3162785273,0,0,1,19,0,2025-11-09,2025-12-26,0
7002504821,2,1,3,69,1,2025-11-10,2025-11-12,1
9794218879,2,3,2,41,1,2025-11-11,2025-12-20,1
6203569926,1,0,1,57,1,2025-11-12,2025-11-30,1
6560384984,1,0,3,40,0,2025-11-13,2025-12-17,0
1592115449,2,2,1,55,1,2025-11-14,2025-11-17,1
2438519507,2,2,0,61,0,2025-11-15,2026-01-10,1
5603605273,1,2,0,49,0,2025-11-16,2026-01-02,0
8348728706,1,3,3,34,1,2025-11-17,2025-12-25,0
3356720979,2,1,3,62,0,2025-11-18,2025-12-14,1
8234665815,0,1,3,46,0,2025-11-19,2025-12-30,0
7537384010,2,1,2,32,0,2025-11-20,2025-11-27,1
9087545793,1,2,3,57,0,2025-11-21,2025-11-26,0
1357816621,1,2,3,64,1,2025-11-22,2025-11-30,0
4152029740,1,3,3,43,1,2025-11-23,2026-01-06,0
7441568881,0,0,2,43,1,2025-11-24,2025-12-02,0
5809242930,2,1,2,32,0,2025-11-25,2025-12-26,1
6880515541,1,0,0,48,0,2025-11-26,2026-01-12,1
2810054817,2,1,0,31,0,2025-11-27,2026-01-04,1
8083335003,0,0,2,38,0,2025-11-28,2025-11-30,0
9297640721,2,0,3,58,1,2025-11-29,2025-12-09,1
5150377111,0,1,2,63,0,2025-11-30,2025-12-25,0
3119812244,2,3,2,41,0,2025-12-01,2025-12-14,1
8283735071,0,2,3,62,1,2025-12-02,2026-01-25,0
9471443672,0,2,2,41,0,2025-12-03,2025-12-15,0
7393785132,1,0,2,46,0,2025-12-04,2025-12-25,0
1742832893,1,3,1,62,1,2025-12-05,2026-01-27,1
7810126473,1,1,0,55,1,2025-12-06,2025-12-09,0
2500609125,1,3,2,19,1,2025-12-07,2025-12-15,1
2285107007,0,2,1,54,0,2025-12-08,2026-01-31,0
8466476731,2,2,3,38,1,2025-12-09,2025-12-26,1
7562642004,0,1,0,68,0,2025-12-10,2026-01-07,0
4212903461,0,2,1,45,1,2025-12-11,2025-12-23,0
1374775143,2,3,0,54,1,2025-12-12,2026-01-12,1
5693069652,1,2,0,49,1,2025-12-13,2026-01-30,0
4503396740,1,2,3,56,0,2025-12-14,2026-01-01,0
1796522720,0,0,2,36,1,2025-12-15,2026-01-20,0
9973464345,2,0,2,48,0,2025-12-16,2026-02-07,1
2708339364,2,3,3,37,0,2025-12-17,2026-01-09,1
1089268327,2,1,3,29,1,2025-12-18,2026-01-12,1
3090486274,0,0,1,40,0,2025-12-19,2025-12-31,0
2444580235,1,0,1,42,1,2025-12-20,2025-12-21,0
8807925846,2,1,3,32,1,2025-12-21,2025-12-31,1
8046360631,1,1,3,68,1,2025-12-22,2026-01-17,0
9177583819,1,2,0,46,0,2025-12-23,2026-01-15,0
2014521673,0,2,2,24,0,2025-12-24,2026-02-15,0
5052308057,1,3,2,63,1,2025-12-25,2026-01-19,0
6825016932,2,2,3,55,0,2025-12-26,2026-01-09,1
2240259408,0,3,3,31,0,2025-12-27,2026-02-22,0
9116420675,2,2,3,26,1,2025-12-28,2026-01-08,1
8236925853,0,2,0,37,1,2025-12-29,2026-01-18,0
1398944915,1,2,3,66,1,2025-12-30,2026-02-01,0
8513359285,2,2,0,50,1,2025-12-31,2026-01-11,1
4513686007,2,2,3,35,0,2026-01-01,2026-01-26,1
5509911931,2,3,2,46,0,2026-01-02,2026-02-18,1
3814396658,2,1,2,38,1,2026-01-03,2026-01-15,1
1126666083,2,3,3,45,1,2026-01-04,2026-03-02,1
6972846818,2,0,0,25,0,2026-01-05,2026-01-28,1
2335479345,2,3,3,44,0,2026-01-06,2026-02-26,1
4089906591,2,1,0,50,1,2026-01-07,2026-01-28,1
9213078287,2,1,1,23,0,2026-01-08,2026-01-15,1
3665431044,2,3,0,38,0,2026-01-09,2026-03-07,1
2754224218,1,2,2,43,1,2026-01-10,2026-02-04,0
8660327410,1,3,2,20,1,2026-01-11,2026-01-28,0
9140332179,2,1,3,21,1,2026-01-12,2026-03-04,1
8743378830,1,1,0,20,1,2026-01-13,2026-02-01,0
2505863278,0,1,1,63,1,2026-01-14,2026-02-02,0
1528861852,0,0,0,37,0,2026-01-15,2026-03-04,0
9776529357,0,3,2,54,1,2026-01-16,2026-03-10,0
1028504090,2,3,1,48,0,2026-01-17,2026-02-20,1
1244837546,2,1,3,27,1,2026-01-18,2026-02-23,1
4601490763,0,2,1,25,1,2026-01-19,2026-02-24,0
5284190249,1,3,2,51,0,2026-01-20,2026-02-19,0
5505369638,2,0,1,45,1,2026-01-21,2026-03-09,1
9156206088,1,2,0,57,0,2026-01-22,2026-02-24,0
5921906071,2,0,0,38,0,2026-01-23,2026-02-08,1
6581930143,1,0,2,38,0,2026-01-24,2026-02-26,0
3278323224,2,2,0,47,1,2026-01-25,2026-03-23,1
6724989858,1,1,3,24,0,2026-01-26,2026-01-27,0
1131333403,1,1,0,52,1,2026-01-27,2026-03-06,1
6760992956,2,3,2,58,0,2026-01-28,2026-03-05,1
8782226787,0,3,0,60,1,2026-01-29,2026-03-12,0
3272608097,2,2,0,65,0,2026-01-30,2026-02-25,1
6838316158,2,1,3,59,1,2026-01-31,2026-03-24,1
9129972461,1,1,1,42,1,2026-02-01,2026-03-29,1
6157936507,2,1,0,43,0,2026-02-02,2026-02-24,1
1439028056,0,1,2,56,0,2026-02-03,2026-02-24,0
5176157792,2,1,0,60,1,2026-02-04,2026-03-27,1
3515776204,2,1,0,57,1,2026-02-05,2026-03-28,1
4753575285,2,1,0,49,0,2026-02-06,2026-03-14,1
2025434255,2,1,2,67,1,2026-02-07,2026-03-19,1
6161458606,0,2,3,35,1,2026-02-08,2026-03-18,0
9605796808,2,3,0,48,0,2026-02-09,2026-03-26,1
4559654612,2,2,1,35,1,2026-02-10,2026-03-26,1
1002601106,1,2,3,40,0,2026-02-11,2026-03-11,1
9020497303,2,1,3,30,1,2026-02-12,2026-02-16,1
7225437740,2,3,2,24,1,2026-02-13,2026-03-09,1
9787796100,1,2,0,22,0,2026-02-14,2026-03-02,1
5175616642,0,1,3,40,0,2026-02-15,2026-03-07,0
4650777709,2,3,1,50,0,2026-02-16,2026-03-13,1
8681215417,2,3,0,50,1,2026-02-17,2026-04-04,1
9758295618,1,0,3,50,1,2026-02-18,2026-03-25,0
9884009914,0,2,1,27,1,2026-02-19,2026-04-17,0
5734346272,1,3,1,68,1,2026-02-20,2026-03-17,0
1192183396,0,2,3,49,1,2026-02-21,2026-03-18,0
3149075992,0,1,2,23,0,2026-02-22,2026-04-04,0
2443967928,2,1,3,66,0,2026-02-23,2026-04-08,1
7437359877,1,1,2,32,1,2026-02-24,2026-03-29,0
5284047612,1,1,1,29,0,2026-02-25,2026-04-25,0
2740393459,2,0,0,54,1,2026-02-26,2026-03-01,1
3137632445,1,0,3,39,1,2026-02-27,2026-03-16,1
6158554061,2,3,3,28,0,2026-02-28,2026-04-23,1
3980889368,2,1,0,42,1,2026-03-01,2026-04-18,1
5195784295,2,3,2,59,1,2026-03-02,2026-04-12,1
8215102420,0,1,0,69,0,2026-03-03,2026-04-28,0
1896790037,2,1,3,34,0,2026-03-04,2026-04-19,1
1973196474,0,1,3,58,1,2026-03-05,2026-04-18,0
3779698822,2,2,3,31,1,2026-03-06,2026-03-21,1
1056387609,2,1,0,34,1,2026-03-07,2026-04-06,1
3277870870,2,2,1,42,0,2026-03-08,2026-04-30,1
9854460589,1,1,3,55,1,2026-03-09,2026-03-30,0
8499505087,1,2,0,34,0,2026-03-10,2026-04-05,0
5824656306,0,0,0,44,0,2026-03-11,2026-04-26,0
6905371187,2,2,2,46,0,2026-03-12,2026-04-08,1
3401718472,2,3,3,40,1,2026-03-13,2026-03-27,1
5542395594,0,2,0,58,1,2026-03-14,2026-03-29,0
9992655726,2,3,0,67,1,2026-03-15,2026-04-19,1
3288707844,1,3,2,48,1,2026-03-16,2026-04-05,0
9646204642,2,1,3,67,1,2026-03-17,2026-04-25,1
2002390943,2,0,1,44,0,2026-03-18,2026-04-07,1
2635853612,0,2,0,20,1,2026-03-19,2026-04-04,0
3767965774,1,3,3,64,0,2026-03-20,2026-05-10,0
7228850476,1,3,0,21,1,2026-03-21,2026-05-04,0
8962411160,0,1,1,47,0,2026-03-22,2026-03-28,0
2299357614,2,0,1,20,1,2026-03-23,2026-05-09,1
3862601502,2,2,3,46,0,2026-03-24,2026-04-03,1
1660270442,1,1,2,35,0,2026-03-25,2026-05-03,0
4948849439,0,3,3,33,1,2026-03-26,2026-04-18,0
7219174592,2,3,3,41,0,2026-03-27,2026-05-09,1
6223032997,2,1,0,45,1,2026-03-28,2026-05-08,1
7867855342,1,2,3,22,0,2026-03-29,2026-04-30,0
6420554857,2,1,2,29,0,2026-03-30,2026-04-07,1
3795946896,0,2,2,67,0,2026-03-31,2026-05-05,0
1975723342,0,1,2,21,0,2026-04-01,2026-04-21,0
3292255216,1,3,0,65,0,2026-04-02,2026-04-22,0
7616468128,0,3,3,33,0,2026-04-03,2026-05-25,0
6940696422,2,0,3,58,1,2026-04-04,2026-05-08,1
7688448147,2,3,0,21,0,2026-04-05,2026-05-12,1
8723054839,2,0,2,30,0,2026-04-06,2026-04-11,1
5550391699,2,0,1,24,0,2026-04-07,2026-05-01,1
7997283350,0,3,1,33,0,2026-04-08,2026-04-18,0
1535044871,2,3,0,63,0,2026-04-09,2026-05-09,1
6848670811,2,1,0,52,1,2026-04-10,2026-04-13,1
2815475649,1,3,2,34,1,2026-04-11,2026-05-31,0
2380354377,1,2,1,23,1,2026-04-12,2026-06-08,1
1476492237,2,3,1,43,0,2026-04-13,2026-06-10,1
6477462155,2,1,0,30,1,2026-04-14,2026-05-09,1
8416235606,2,2,3,58,0,2026-04-15,2026-04-17,1
4266486789,1,2,1,48,0,2026-04-16,2026-04-29,0
7352078392,1,0,3,48,1,2026-04-17,2026-04-21,1
8308729237,1,0,1,58,0,2026-04-18,2026-05-31,0
8677461593,1,3,0,20,0,2026-04-19,2026-05-17,0
2718562951,2,3,1,54,0,2026-04-20,2026-05-05,1
6379800298,2,1,1,50,1,2026-04-21,2026-05-09,1
9510461552,2,3,2,49,1,2026-04-22,2026-05-05,1
3680906274,0,2,1,67,0,2026-04-23,2026-06-01,0
8712975762,2,1,2,23,1,2026-04-24,2026-05-01,1
2464857187,1,0,2,36,1,2026-04-25,2026-05-20,0
1297279220,1,3,3,18,1,2026-04-26,2026-06-17,0
1508030154,0,0,2,38,1,2026-04-27,2026-06-19,0
8647027554,1,1,0,26,0,2026-04-28,2026-05-06,0
1254736999,2,0,0,62,1,2026-04-29,2026-06-16,1
7324985593,2,2,2,49,1,2026-04-30,2026-06-08,1
5769704741,2,1,1,24,1,2026-05-01,2026-05-21,1
4333674873,1,3,3,68,1,2026-05-02,2026-05-08,0
7545656905,0,1,2,45,1,2026-05-03,2026-05-12,0
4503392790,2,1,0,68,1,2026-05-04,2026-06-13,1
6438225020,1,1,1,36,0,2026-05-05,2026-06-02,0
9976857830,2,3,3,34,0,2026-05-06,2026-06-18,1
7596960659,2,0,0,50,1,2026-05-07,2026-06-12,1
1442232269,2,1,3,53,1,2026-05-08,2026-06-25,1
4560051711,0,0,1,39,0,2026-05-09,2026-05-25,0
4540350852,2,2,0,65,0,2026-05-10,2026-06-18,1
2307774713,2,3,2,39,0,2026-05-11,2026-07-02,1
9485857079,1,0,3,52,0,2026-05-12,2026-07-02,0
5390844647,2,0,3,29,0,2026-05-13,2026-05-19,1
5168197487,0,2,0,50,1,2026-05-14,2026-06-22,0
5661161623,2,1,3,60,0,2026-05-15,2026-06-20,1
4990549589,1,2,3,44,1,2026-05-16,2026-07-04,1
1731678696,2,1,3,66,1,2026-05-17,2026-06-18,1
8852522191,2,2,2,36,0,2026-05-18,2026-05-19,1
1738692001,1,1,3,68,1,2026-05-19,2026-06-17,0
4594204580,2,3,3,36,1,2026-05-20,2026-06-26,1
1246499932,0,2,3,35,0,2026-05-21,2026-07-03,0
6845384452,2,3,3,25,1,2026-05-22,2026-05-27,1
6399075619,0,3,2,19,0,2026-05-23,2026-06-19,0
2147663312,2,2,0,60,1,2026-05-24,2026-06-21,1
7044871300,0,3,0,34,1,2026-05-25,2026-07-15,0
8987142816,0,2,2,34,0,2026-05-26,2026-06-09,0
3301116528,2,3,1,54,1,2026-05-27,2026-06-23,1
7737203824,1,0,0,62,0,2026-05-28,2026-06-22,0
9378301653,2,3,2,36,0,2026-05-29,2026-06-22,1
5597581070,1,1,3,18,0,2026-05-30,2026-06-01,0
7104383883,1,3,0,42,0,2026-05-31,2026-06-08,0
3560090178,2,2,2,62,1,2026-06-01,2026-07-16,1
6071910213,2,3,2,42,1,2026-06-02,2026-07-21,1
3529858591,2,0,3,18,0,2026-06-03,2026-07-28,1
7272065481,2,1,3,21,1,2026-06-04,2026-07-22,1
6127610244,0,3,2,44,1,2026-06-05,2026-07-15,0
6569484168,2,2,2,39,0,2026-06-06,2026-07-27,1
3806285478,1,3,1,65,0,2026-06-07,2026-08-03,1
1063935919,2,0,1,39,0,2026-06-08,2026-07-10,1
7758075168,0,0,3,44,0,2026-06-09,2026-07-31,0
1445523160,1,0,0,57,1,2026-06-10,2026-07-18,0
3422341378,2,3,2,33,1,2026-06-11,2026-06-25,1
6887620271,1,0,0,65,0,2026-06-12,2026-06-23,1
8826059135,2,3,3,52,1,2026-06-13,2026-07-05,1
2815709499,0,0,3,31,1,2026-06-14,2026-07-21,0
5567141439,1,0,3,61,0,2026-06-15,2026-07-07,1
3140383103,1,2,0,24,0,2026-06-16,2026-06-19,0
4130109563,2,3,2,59,0,2026-06-17,2026-06-21,1
2829972969,1,1,1,59,1,2026-06-18,2026-06-30,0
2665368134,0,2,3,27,1,2026-06-19,2026-07-12,0
1823778031,0,1,0,18,1,2026-06-20,2026-07-10,0
9815768600,2,0,1,65,1,2026-06-21,2026-07-31,1
8403197741,2,2,0,42,1,2026-06-22,2026-08-04,1
4036487674,2,0,3,44,1,2026-06-23,2026-08-20,1
9069734906,2,3,3,41,0,2026-06-24,2026-06-25,1
6234364714,1,0,1,22,1,2026-06-25,2026-08-18,0
7020652789,2,1,0,58,0,2026-06-26,2026-08-14,1
6468117626,2,0,2,45,1,2026-06-27,2026-07-18,1
5039817282,2,2,2,22,1,2026-06-28,2026-08-16,1
2545267825,1,3,3,29,0,2026-06-29,2026-08-15,0
1728889507,2,3,0,28,0,2026-06-30,2026-07-16,1
6900006893,1,0,2,35,1,2026-07-01,2026-07-28,0
6610820140,2,2,3,51,1,2026-07-02,2026-07-18,1
6609852972,2,2,3,56,0,2026-07-03,2026-08-20,1
9875840524,0,0,2,39,0,2026-07-04,2026-08-31,0
4973273656,2,2,1,22,0,2026-07-05,2026-07-15,1
9318161159,1,3,0,38,0,2026-07-06,2026-09-01,0
1230497658,2,1,2,25,1,2026-07-07,2026-08-15,1
9476724995,1,1,2,60,0,2026-07-08,2026-07-22,1
3255201460,2,1,2,18,1,2026-07-09,2026-08-13,1
9767312349,0,0,2,39,0,2026-07-10,2026-08-23,0
5440811270,2,3,0,66,0,2026-07-11,2026-09-03,1
7682257578,1,0,2,29,0,2026-07-12,2026-08-20,0
7470526926,2,3,1,55,1,2026-07-13,2026-08-29,1
8247373443,1,3,3,60,1,2026-07-14,2026-08-05,1
6436786681,2,2,3,64,0,2026-07-15,2026-07-25,1
5943546953,2,1,1,38,0,2026-07-16,2026-07-22,1
8874904393,1,1,2,59,1,2026-07-17,2026-08-11,0
6686352699,1,3,2,45,0,2026-07-18,2026-08-03,0
4674200367,2,0,1,28,0,2026-07-19,2026-08-01,1
6633032148,2,1,1,39,1,2026-07-20,2026-08-31,1
1899228506,2,0,3,68,1,2026-07-21,2026-08-18,1
9157347390,2,1,1,58,1,2026-07-22,2026-08-12,1
5277431428,1,1,2,24,0,2026-07-23,2026-08-07,0
6257793130,0,2,3,33,0,2026-07-24,2026-07-30,0
9877363680,1,1,3,52,1,2026-07-25,2026-08-17,0
5522491583,2,2,2,54,0,2026-07-26,2026-09-10,1
5049905083,0,0,1,22,0,2026-07-27,2026-08-20,0
5373189083,2,2,1,22,0,2026-07-28,2026-09-08,1
3492294971,2,2,0,31,1,2026-07-29,2026-09-24,1
5643606787,1,3,3,23,0,2026-07-30,2026-08-16,0
2129867699,2,0,3,36,0,2026-07-31,2026-08-21,1
7847943728,2,0,0,21,1,2026-08-01,2026-08-17,1
4361604897,1,2,2,53,1,2026-08-02,2026-08-27,1
3601957106,1,0,2,29,0,2026-08-03,2026-09-28,1
8649821264,2,3,1,18,1,2026-08-04,2026-09-02,1
8384912363,2,1,3,48,1,2026-08-05,2026-10-02,1
4989073721,1,1,1,52,0,2026-08-06,2026-08-18,0
7621981603,2,3,3,65,1,2026-08-07,2026-08-23,1
1353282661,2,1,1,24,0,2026-08-08,2026-09-11,1
1341115619,2,1,0,63,0,2026-08-09,2026-08-23,1
7500145958,1,3,1,28,0,2026-08-10,2026-10-03,1
8109526260,1,1,2,69,1,2026-08-11,2026-10-05,1
7856024285,2,2,1,27,1,2026-08-12,2026-10-04,1
8312937458,1,0,0,38,1,2026-08-13,2026-08-19,0
2222325602,0,1,2,37,0,2026-08-14,2026-09-15,0
8177925367,0,2,3,33,0,2026-08-15,2026-08-30,0
6693257849,2,1,3,24,0,2026-08-16,2026-08-30,1
3409747894,2,0,2,19,0,2026-08-17,2026-09-08,1
3670397672,0,2,0,58,1,2026-08-18,2026-09-26,0
7966260576,1,3,2,63,1,2026-08-19,2026-09-26,0
4302491790,2,3,0,37,0,2026-08-20,2026-09-26,1
5341368608,1,3,1,52,0,2026-08-21,2026-10-09,0
7026916586,2,2,1,47,1,2026-08-22,2026-09-05,1
8393256626,0,3,3,42,0,2026-08-23,2026-10-14,0
6515305055,2,0,3,42,1,2026-08-24,2026-10-01,1
4561878690,2,3,3,21,1,2026-08-25,2026-09-08,1
6597899256,1,3,1,20,1,2026-08-26,2026-10-13,0
5289540612,1,2,0,39,1,2026-08-27,2026-09-25,0
4507231013,1,1,1,18,0,2026-08-28,2026-09-16,0
8995765298,0,1,1,36,1,2026-08-29,2026-09-02,0
4587416513,0,1,1,24,1,2026-08-30,2026-10-08,0
1044308627,1,2,1,55,0,2026-08-31,2026-10-10,0
7935768360,2,0,3,53,1,2026-09-01,2026-10-02,1
1808137050,0,2,3,59,0,2026-09-02,2026-10-22,0
1189380128,0,1,2,20,0,2026-09-03,2026-10-23,0
4144515785,0,1,1,37,0,2026-09-04,2026-10-04,0
5681433731,1,3,3,59,1,2026-09-05,2026-09-09,0
3423246086,2,1,0,48,0,2026-09-06,2026-09-26,1
9222848767,2,2,1,65,0,2026-09-07,2026-09-15,1
5863577730,1,1,2,41,0,2026-09-08,2026-10-22,0
7374447284,0,1,2,57,0,2026-09-09,2026-09-13,0
7673025893,1,1,2,65,0,2026-09-10,2026-10-02,1
3344552706,2,3,3,39,1,2026-09-11,2026-10-25,1
3816457574,2,1,1,67,1,2026-09-12,2026-10-30,1
4507067791,1,0,0,29,0,2026-09-13,2026-11-06,0
2264751306,1,0,0,51,0,2026-09-14,2026-10-19,1
4211795824,1,3,1,48,0,2026-09-15,2026-10-25,0
1657627395,0,3,0,23,0,2026-09-16,2026-09-26,0
5556495932,0,0,2,64,1,2026-09-17,2026-11-02,0
3267860396,2,1,2,38,0,2026-09-18,2026-10-14,1
4382065430,2,2,2,40,1,2026-09-19,2026-09-28,1
8814775192,1,2,3,61,0,2026-09-20,2026-11-11,0
1450440786,2,3,3,59,0,2026-09-21,2026-10-06,1
7166801383,2,0,1,23,0,2026-09-22,2026-11-07,1
3486185968,1,0,3,38,0,2026-09-23,2026-09-28,0
8867495127,2,0,2,54,0,2026-09-24,2026-09-26,1
1614347839,1,2,1,19,1,2026-09-25,2026-10-23,0
6204365408,2,3,1,60,0,2026-09-26,2026-11-09,1
